{"lamp": 0.03831754890787933, "speaker": 0.02903007200708793, "sofa": 0.022053639892668973, "rifle": 0.020865532817279406, "table": 0.03643125005016502, "cabinet": 0.02406793803287049, "display": 0.037739582714580354, "watercraft": 0.010361228351636479, "bench": 0.031013023570579078, "phone": 0.060326391492377625}