{"rifle": 0.02118400629977735, "speaker": 0.025061686319258168, "table": 0.03317743075652591, "sofa": 0.025351708147360496, "display": 0.039311008366275595, "watercraft": 0.013017368596693914, "phone": 0.05361208912134836, "lamp": 0.04042078871657794}