{"lamp": 0.0316909230624636, "speaker": 0.021481248039391734, "sofa": 0.024107698058228818, "rifle": 0.042605425082543426, "table": 0.028679796994852257, "cabinet": 0.023359944966311257, "display": 0.028168484701641967, "watercraft": 0.02523838934818438, "bench": 0.03090189996042422, "phone": 0.03641453605483879}