{"lamp": 0.05555587701706423, "speaker": 0.04000121337031164, "sofa": 0.03453923154231762, "rifle": 0.038646880675979114, "table": 0.034254556987434626, "cabinet": 0.03913981880371769, "display": 0.056803976673455464, "watercraft": 0.027658126821431022, "bench": 0.048121637451861585, "phone": 0.08099654350768436}