{"lamp": 0.03168270631382863, "speaker": 0.02147764340043068, "sofa": 0.024110453860503773, "rifle": 0.04259753606698297, "table": 0.028686332451235058, "cabinet": 0.023366539956380925, "display": 0.028166216576383227, "watercraft": 0.025230939747416414, "bench": 0.030882982670196464, "phone": 0.036422130397774956}