{"lamp": 0.024119920180075697, "speaker": 0.020807017947757436, "sofa": 0.02870406692607268, "rifle": 0.04715087839422074, "table": 0.03913173918789696, "cabinet": 0.02004765849560499, "display": 0.034614120210920064, "watercraft": 0.03378590409799168, "bench": 0.042433566520256656, "phone": 0.03453912365842949}