{"cabinet": 0.02739387030513691, "bench": 0.029744833777042515}